Sample,Strain,Species,pH,mOD,sdOD
C0011E4.1A1.A.3.5,C0011E4,Gardnerella vaginalis,3.5,0.006666666666666668,6.429100507328663e-4
C0011E4.1A1.B.3.5,C0011E4,Gardnerella vaginalis,3.5,0.008166666666666664,4.041451884327359e-4
C0011E4.1A2.A.3.5,C0011E4,Gardnerella vaginalis,3.5,0.0025000000000000022,0
C0011E4.1A2.B.3.5,C0011E4,Gardnerella vaginalis,3.5,0.008833333333333327,0.001527525231651948
C0011E4.1A1.A.4,C0011E4,Gardnerella vaginalis,4,0.00735,2.645751311064614e-4
C0011E4.1A1.B.4,C0011E4,Gardnerella vaginalis,4,0.007449999999999998,4.358898943540671e-4
C0011E4.1A2.A.4,C0011E4,Gardnerella vaginalis,4,0.011166666666666667,0.009073771725877469
C0011E4.1A2.B.4,C0011E4,Gardnerella vaginalis,4,0.014166666666666666,0.001527525231651948
C0011E4.1A1.A.4.5,C0011E4,Gardnerella vaginalis,4.5,0.03851666666666666,0.0153637018108701
C0011E4.1A1.B.4.5,C0011E4,Gardnerella vaginalis,4.5,0.024516666666666662,0.004554484969053404
C0011E4.1A2.A.4.5,C0011E4,Gardnerella vaginalis,4.5,0.05,0.009539392014169465
C0011E4.1A2.B.4.5,C0011E4,Gardnerella vaginalis,4.5,0.044,0.0030000000000000027
C0011E4.1A1.A.5,C0011E4,Gardnerella vaginalis,5,0.1949,0.0044508426168535595
C0011E4.1A1.B.5,C0011E4,Gardnerella vaginalis,5,0.20163333333333333,0.009194744875924133
C0011E4.1A2.A.5,C0011E4,Gardnerella vaginalis,5,0.24083333333333337,0.019139836293274155
C0011E4.1A2.B.5,C0011E4,Gardnerella vaginalis,5,0.16050000000000003,0.02343074902771997
C0011E4.1A1.A.5.5,C0011E4,Gardnerella vaginalis,5.5,0.2622833333333333,0.012961609982302886
C0011E4.1A1.B.5.5,C0011E4,Gardnerella vaginalis,5.5,0.28778333333333334,0.007359574263049003
C0011E4.1A2.A.5.5,C0011E4,Gardnerella vaginalis,5.5,0.4555,0.05428627819255987
C0011E4.1A2.B.5.5,C0011E4,Gardnerella vaginalis,5.5,0.1955,0.015000000000000013
C0011E4.1A1.A.6,C0011E4,Gardnerella vaginalis,6,0.32185,0.0273649410743016
C0011E4.1A1.B.6,C0011E4,Gardnerella vaginalis,6,0.34778333333333333,0.013130244983751586
C0011E4.1A2.A.6,C0011E4,Gardnerella vaginalis,6,0.48733333333333334,0.0823670646152534
C0011E4.1A2.B.6,C0011E4,Gardnerella vaginalis,6,0.20299999999999999,0.00984885780179609
C0011E4.1A1.A.7,C0011E4,Gardnerella vaginalis,7,0.91575,0.0337182443196558
C0011E4.1A1.B.7,C0011E4,Gardnerella vaginalis,7,0.9767500000000001,0.0018384776310849781
C0011E4.1A2.A.7,C0011E4,Gardnerella vaginalis,7,0.8901666666666666,0.19845738417436956
C0011E4.1A2.B.7,C0011E4,Gardnerella vaginalis,7,0.48800000000000004,0.02616295090390228
C0084H9.3A1.A.3.5,C0084H9,Gardnerella lacydonensis,3.5,0.003500000000000003,0.0020000000000000018
C0084H9.3A1.B.3.5,C0084H9,Gardnerella lacydonensis,3.5,1.666666666666668e-4,5.773502691896262e-4
C0084H9.3A2.A.3.5,C0084H9,Gardnerella lacydonensis,3.5,-0.0026666666666666644,0.001527525231651942
C0084H9.3A2.B.3.5,C0084H9,Gardnerella lacydonensis,3.5,-0.001999999999999997,0.001999999999999995
C0084H9.3A1.A.4,C0084H9,Gardnerella lacydonensis,4,0.012666666666666668,0.005859465277082312
C0084H9.3A1.B.4,C0084H9,Gardnerella lacydonensis,4,0.010000000000000009,0.0020000000000000018
C0084H9.3A2.A.4,C0084H9,Gardnerella lacydonensis,4,-0.0058333333333333345,0.010969655114602891
C0084H9.3A2.B.4,C0084H9,Gardnerella lacydonensis,4,0.0021666666666666683,0.0050332229568471705
C0084H9.3A1.A.4.5,C0084H9,Gardnerella lacydonensis,4.5,0.19,0.05256424640380569
C0084H9.3A1.B.4.5,C0084H9,Gardnerella lacydonensis,4.5,0.08433333333333333,0.011676186592091325
C0084H9.3A2.A.4.5,C0084H9,Gardnerella lacydonensis,4.5,0.1375,0.0371618083521241
C0084H9.3A2.B.4.5,C0084H9,Gardnerella lacydonensis,4.5,0.20783333333333337,0.022898325994127448
C0084H9.3A1.A.5,C0084H9,Gardnerella lacydonensis,5,0.29200000000000004,0.021166010488516712
C0084H9.3A1.B.5,C0084H9,Gardnerella lacydonensis,5,0.20566666666666666,0.04880915214724933
C0084H9.3A2.A.5,C0084H9,Gardnerella lacydonensis,5,0.3631666666666667,0.08775154319630701
C0084H9.3A2.B.5,C0084H9,Gardnerella lacydonensis,5,0.36816666666666664,0.04649014232429635
C0084H9.3A1.A.5.5,C0084H9,Gardnerella lacydonensis,5.5,0.4068333333333333,0.03967786956646405
C0084H9.3A1.B.5.5,C0084H9,Gardnerella lacydonensis,5.5,0.2818333333333333,0.016196707484341773
C0084H9.3A2.A.5.5,C0084H9,Gardnerella lacydonensis,5.5,0.45916666666666667,0.09704294581953567
C0084H9.3A2.B.5.5,C0084H9,Gardnerella lacydonensis,5.5,0.4825,0.03235737937472686
C0084H9.3A1.A.7,C0084H9,Gardnerella lacydonensis,7,0.7356666666666666,0.06917610377387073
C0084H9.3A1.B.7,C0084H9,Gardnerella lacydonensis,7,0.833,0.02262741699796954
C0084H9.3A2.A.7,C0084H9,Gardnerella lacydonensis,7,0.6976666666666667,0.0794250170496257
C0084H9.3A2.B.7,C0084H9,Gardnerella lacydonensis,7,0.734,0.004242640687119289
AMD.2A1.A.3.5,AMD,Gardnerella leopoldii,3.5,0.0024999999999999883,0.0017320508075688787
AMD.2A1.B.3.5,AMD,Gardnerella leopoldii,3.5,0.0014999999999999875,0.0010000000000000009
AMD.2A2.A.3.5,AMD,Gardnerella leopoldii,3.5,0.002999999999999989,0
AMD.2A2.B.3.5,AMD,Gardnerella leopoldii,3.5,3.333333333333336e-4,5.773502691896263e-4
AMD.2A1.A.4,AMD,Gardnerella leopoldii,4,0.00366666666666667,0.0023094010767585054
AMD.2A1.B.4,AMD,Gardnerella leopoldii,4,0.0040000000000000036,0.0017320508075688787
AMD.2A2.A.4,AMD,Gardnerella leopoldii,4,0.014333333333333323,0.010692676621563629
AMD.2A2.B.4,AMD,Gardnerella leopoldii,4,0.006999999999999992,0.0010000000000000009
AMD.2A1.A.4.5,AMD,Gardnerella leopoldii,4.5,0.0015000000000000013,0.006244997998398403
AMD.2A1.B.4.5,AMD,Gardnerella leopoldii,4.5,0.01516666666666667,0.011718930554164625
AMD.2A2.A.4.5,AMD,Gardnerella leopoldii,4.5,0.005999999999999986,0.009539392014169451
AMD.2A2.B.4.5,AMD,Gardnerella leopoldii,4.5,0.0019999999999999836,0.0034641016151377418
AMD.2A1.A.5,AMD,Gardnerella leopoldii,5,0.062,0.009643650760992963
AMD.2A1.B.5,AMD,Gardnerella leopoldii,5,0.06533333333333334,0.0037859388972001857
AMD.2A2.A.5,AMD,Gardnerella leopoldii,5,0.0265,0.009165151389911676
AMD.2A2.B.5,AMD,Gardnerella leopoldii,5,0.02183333333333333,0.014977761292440646
AMD.2A1.A.5.5,AMD,Gardnerella leopoldii,5.5,0.142,0.003464101615137758
AMD.2A1.B.5.5,AMD,Gardnerella leopoldii,5.5,0.14266666666666666,0.004932882862316252
AMD.2A2.A.5.5,AMD,Gardnerella leopoldii,5.5,0.20166666666666666,0.019857828011475294
AMD.2A2.B.5.5,AMD,Gardnerella leopoldii,5.5,0.20400000000000001,0.005291502622129186
AMD.2A1.A.6,AMD,Gardnerella leopoldii,6,0.31933333333333336,0.008504900548115391
AMD.2A1.B.6,AMD,Gardnerella leopoldii,6,0.30266666666666664,0.0050332229568471705
AMD.2A2.A.6,AMD,Gardnerella leopoldii,6,0.29783333333333334,0.01703917055884276
AMD.2A2.B.6,AMD,Gardnerella leopoldii,6,0.28883333333333333,0.006806859285554052
AMD.2A1.A.7,AMD,Gardnerella leopoldii,7,0.42983333333333335,0.045938364504337054
AMD.2A1.B.7,AMD,Gardnerella leopoldii,7,0.4585,0.016970562748477157
AMD.2A2.A.7,AMD,Gardnerella leopoldii,7,0.382,0.03959797974644666
AMD.2A2.B.7,AMD,Gardnerella leopoldii,7,0.4235,0.0021213203435596446
C0100B2.1B3.A.3.5,C0100B2,Gardnerella sp. 10,3.5,0.004333333333333324,0.001527525231651948
C0100B2.1B3.B.3.5,C0100B2,Gardnerella sp. 10,3.5,0.007333333333333326,5.773502691896263e-4
C0100B2.1B4.A.3.5,C0100B2,Gardnerella sp. 10,3.5,0.0049999999999999906,0.0020000000000000018
C0100B2.1B4.B.3.5,C0100B2,Gardnerella sp. 10,3.5,0.004666666666666657,5.773502691896263e-4
C0100B2.1B3.A.4,C0100B2,Gardnerella sp. 10,4,0.004500000000000004,0.006082762530298225
C0100B2.1B3.B.4,C0100B2,Gardnerella sp. 10,4,0.006500000000000006,0.008888194417315583
C0100B2.1B4.A.4,C0100B2,Gardnerella sp. 10,4,0.015333333333333332,0.013576941236277533
C0100B2.1B4.B.4,C0100B2,Gardnerella sp. 10,4,0.011999999999999997,0
C0100B2.1B3.A.4.5,C0100B2,Gardnerella sp. 10,4.5,0.02149999999999999,0.002645751311064593
C0100B2.1B3.B.4.5,C0100B2,Gardnerella sp. 10,4.5,0.015499999999999986,0.0020000000000000018
C0100B2.1B4.A.4.5,C0100B2,Gardnerella sp. 10,4.5,0.043000000000000003,0.016522711641858305
C0100B2.1B4.B.4.5,C0100B2,Gardnerella sp. 10,4.5,0.036333333333333336,0.005686240703077332
C0100B2.1B3.A.5,C0100B2,Gardnerella sp. 10,5,0.07283333333333333,0.005686240703077332
C0100B2.1B3.B.5,C0100B2,Gardnerella sp. 10,5,0.06483333333333334,0.006506407098647703
C0100B2.1B4.A.5,C0100B2,Gardnerella sp. 10,5,0.09399999999999999,0.026457513110645915
C0100B2.1B4.B.5,C0100B2,Gardnerella sp. 10,5,0.06999999999999999,0.001999999999999988
C0100B2.1B3.A.5.5,C0100B2,Gardnerella sp. 10,5.5,0.24350000000000002,0.0338673884437522
C0100B2.1B3.B.5.5,C0100B2,Gardnerella sp. 10,5.5,0.2535,0.018193405398660267
C0100B2.1B4.A.5.5,C0100B2,Gardnerella sp. 10,5.5,0.26533333333333337,0.014047538337136999
C0100B2.1B4.B.5.5,C0100B2,Gardnerella sp. 10,5.5,0.2333333333333333,0.0045092497528228985
C0100B2.1B3.A.6,C0100B2,Gardnerella sp. 10,6,0.3365,0.048692915295759386
C0100B2.1B3.B.6,C0100B2,Gardnerella sp. 10,6,0.37916666666666665,0.02289832599412748
C0100B2.1B4.A.6,C0100B2,Gardnerella sp. 10,6,0.35833333333333334,0.0248260615751539
C0100B2.1B4.B.6,C0100B2,Gardnerella sp. 10,6,0.32466666666666666,0.006658328118479399
C0100B2.1B3.A.7,C0100B2,Gardnerella sp. 10,7,0.564,0.04513313638558701
C0100B2.1B3.B.7,C0100B2,Gardnerella sp. 10,7,0.687,0.008485281374238578
C0100B2.1B4.A.7,C0100B2,Gardnerella sp. 10,7,0.5078333333333334,0.05746593193652507
C0100B2.1B4.B.7,C0100B2,Gardnerella sp. 10,7,0.538,7.071067811865482e-4
C0040C2.1A1.A.3.5,C0040C2,Gardnerella pickettii,3.5,0.008733333333333334,0.011229574049505763
C0040C2.1A1.B.3.5,C0040C2,Gardnerella pickettii,3.5,0.00886666666666667,0.0020305992547357352
C0040C2.1A2.A.3.5,C0040C2,Gardnerella pickettii,3.5,0.010833333333333328,0.003055050463303896
C0040C2.1A2.B.3.5,C0040C2,Gardnerella pickettii,3.5,0.007499999999999993,0.0010000000000000009
C0040C2.1A1.A.4,C0040C2,Gardnerella pickettii,4,0.008083333333333336,0.009757731976916224
C0040C2.1A1.B.4,C0040C2,Gardnerella pickettii,4,0.02208333333333333,0.024572816959667718
C0040C2.1A2.A.4,C0040C2,Gardnerella pickettii,4,-8.333333333333339e-4,0.00585946527708232
C0040C2.1A2.B.4,C0040C2,Gardnerella pickettii,4,0.012499999999999997,0.004358898943540678
C0040C2.1A1.A.4.5,C0040C2,Gardnerella pickettii,4.5,-7.833333333333397e-4,0.0036004629331980805
C0040C2.1A1.B.4.5,C0040C2,Gardnerella pickettii,4.5,0.005383333333333323,0.009064399226277121
C0040C2.1A2.A.4.5,C0040C2,Gardnerella pickettii,4.5,-0.00866666666666667,0.011930353445448856
C0040C2.1A2.B.4.5,C0040C2,Gardnerella pickettii,4.5,-0.0033333333333333366,0.010115993936995674
C0040C2.1A1.A.5,C0040C2,Gardnerella pickettii,5,0.0021666666666666687,0.0014571661996262903
C0040C2.1A1.B.5,C0040C2,Gardnerella pickettii,5,0.003233333333333338,0.0045544849690533976
C0040C2.1A2.A.5,C0040C2,Gardnerella pickettii,5,0.009166666666666675,0.0011547005383792527
C0040C2.1A2.B.5,C0040C2,Gardnerella pickettii,5,-0.001166666666666654,0.0020816659994661348
C0040C2.1A1.A.5.5,C0040C2,Gardnerella pickettii,5.5,0.12665,0.010989085494252922
C0040C2.1A1.B.5.5,C0040C2,Gardnerella pickettii,5.5,0.11145000000000001,0.01700793932256345
C0040C2.1A2.A.5.5,C0040C2,Gardnerella pickettii,5.5,0.19016666666666665,0.03350124375800595
C0040C2.1A2.B.5.5,C0040C2,Gardnerella pickettii,5.5,0.14150000000000001,0.014933184523068075
C0040C2.1A1.A.6,C0040C2,Gardnerella pickettii,6,0.26898333333333335,0.023878093167866935
C0040C2.1A1.B.6,C0040C2,Gardnerella pickettii,6,0.2853833333333334,0.025840343134976608
C0040C2.1A2.A.6,C0040C2,Gardnerella pickettii,6,0.282,0.03950949253027682
C0040C2.1A2.B.6,C0040C2,Gardnerella pickettii,6,0.2823333333333333,0.01858314648635513
C0040C2.1A1.A.7,C0040C2,Gardnerella pickettii,7,0.5411166666666667,0.012912913433200541
C0040C2.1A1.B.7,C0040C2,Gardnerella pickettii,7,0.54535,0.015697770542341512
C0040C2.1A2.A.7,C0040C2,Gardnerella pickettii,7,0.49383333333333335,0.016623276853055535
C0040C2.1A2.B.7,C0040C2,Gardnerella pickettii,7,0.42500000000000004,0.09404520189781086
C0096A1.2A1.A.3.5,C0096A1,Gardnerella leopoldii,3.5,0.007499999999999993,0.0030000000000000027
C0096A1.2A1.B.3.5,C0096A1,Gardnerella leopoldii,3.5,0.012166666666666659,0.0030550504633038884
C0096A1.2A2.A.3.5,C0096A1,Gardnerella leopoldii,3.5,0.007333333333333326,0.0041633319989322695
C0096A1.2A2.B.3.5,C0096A1,Gardnerella leopoldii,3.5,0.014666666666666661,0.0030550504633038884
C0096A1.2A1.A.4,C0096A1,Gardnerella leopoldii,4,0.006333333333333334,0.005859465277082313
C0096A1.2A1.B.4,C0096A1,Gardnerella leopoldii,4,0.0050000000000000044,0.0020000000000000018
C0096A1.2A2.A.4,C0096A1,Gardnerella leopoldii,4,0.004666666666666662,0.004163331998932261
C0096A1.2A2.B.4,C0096A1,Gardnerella leopoldii,4,0.008666666666666661,0.001527525231651948
C0096A1.2A1.A.4.5,C0096A1,Gardnerella leopoldii,4.5,-0.00783333333333334,0.0020816659994661343
C0096A1.2A1.B.4.5,C0096A1,Gardnerella leopoldii,4.5,-0.007166666666666673,0.0020816659994661348
C0096A1.2A2.A.4.5,C0096A1,Gardnerella leopoldii,4.5,0.003666666666666661,0.013316656236958782
C0096A1.2A2.B.4.5,C0096A1,Gardnerella leopoldii,4.5,0.0063333333333333115,0.0020816659994661343
C0096A1.2A1.A.5,C0096A1,Gardnerella leopoldii,5,0.03900000000000001,0.005196152422706636
C0096A1.2A1.B.5,C0096A1,Gardnerella leopoldii,5,0.03866666666666667,0.01871719352182194
C0096A1.2A2.A.5,C0096A1,Gardnerella leopoldii,5,0.04916666666666666,0.021548395145191985
C0096A1.2A2.B.5,C0096A1,Gardnerella leopoldii,5,0.05849999999999999,0.00529150262212917
C0096A1.2A1.A.5.5,C0096A1,Gardnerella leopoldii,5.5,0.165,0.014422205101855955
C0096A1.2A1.B.5.5,C0096A1,Gardnerella leopoldii,5.5,0.19633333333333333,0.014047538337136997
C0096A1.2A2.A.5.5,C0096A1,Gardnerella leopoldii,5.5,0.20133333333333334,0.020647840887931423
C0096A1.2A2.B.5.5,C0096A1,Gardnerella leopoldii,5.5,0.25733333333333336,0.009291573243177578
C0096A1.2A1.A.6,C0096A1,Gardnerella leopoldii,6,0.30133333333333334,0.027135462651912405
C0096A1.2A1.B.6,C0096A1,Gardnerella leopoldii,6,0.3026666666666667,0.014640127503998483
C0096A1.2A2.A.6,C0096A1,Gardnerella leopoldii,6,0.18383333333333335,0.042193996413391964
C0096A1.2A2.B.6,C0096A1,Gardnerella leopoldii,6,0.24183333333333334,0.03329164059239697
C0096A1.2A1.A.7,C0096A1,Gardnerella leopoldii,7,0.3385,0.030446674695276656
C0096A1.2A1.B.7,C0096A1,Gardnerella leopoldii,7,0.319,0.01626345596729061
C0096A1.2A2.A.7,C0096A1,Gardnerella leopoldii,7,0.2833333333333333,0.05924806607251693
C0096A1.2A2.B.7,C0096A1,Gardnerella leopoldii,7,0.385,0.018384776310850254
C0179B4.1B3.A.3.5,C0179B4,Gardnerella sp. 7,3.5,0.0056666666666666575,0.0020816659994661343
C0179B4.1B3.B.3.5,C0179B4,Gardnerella sp. 7,3.5,0.013333333333333327,0.007767453465154028
C0179B4.1B4.A.3.5,C0179B4,Gardnerella sp. 7,3.5,0.008999999999999994,0.005567764362830027
C0179B4.1B4.B.3.5,C0179B4,Gardnerella sp. 7,3.5,0.022999999999999993,0.005567764362830027
C0179B4.1B3.A.4,C0179B4,Gardnerella sp. 7,4,-0.0044999999999999945,0.001999999999999995
C0179B4.1B3.B.4,C0179B4,Gardnerella sp. 7,4,0.007166666666666673,0.003055050463303896
C0179B4.1B4.A.4,C0179B4,Gardnerella sp. 7,4,0.00266666666666666,0.007094598884597586
C0179B4.1B4.B.4,C0179B4,Gardnerella sp. 7,4,0.011999999999999997,0.002645751311064593
C0179B4.1B3.A.4.5,C0179B4,Gardnerella sp. 7,4.5,0.01849999999999999,0.012288205727444518
C0179B4.1B3.B.4.5,C0179B4,Gardnerella sp. 7,4.5,0.005499999999999996,0.008888194417315582
C0179B4.1B4.A.4.5,C0179B4,Gardnerella sp. 7,4.5,0.05133333333333334,0.018823743871327334
C0179B4.1B4.B.4.5,C0179B4,Gardnerella sp. 7,4.5,0.053,0.007549834435270741
C0179B4.1B3.A.5,C0179B4,Gardnerella sp. 7,5,0.07483333333333334,0.0032145502536643214
C0179B4.1B3.B.5,C0179B4,Gardnerella sp. 7,5,0.07183333333333333,0.011372481406154652
C0179B4.1B4.A.5,C0179B4,Gardnerella sp. 7,5,0.09033333333333332,0.01305118130030126
C0179B4.1B4.B.5,C0179B4,Gardnerella sp. 7,5,0.105,0.006928203230275499
C0179B4.1B3.A.5.5,C0179B4,Gardnerella sp. 7,5.5,0.23816666666666667,0.010016652800877822
C0179B4.1B3.B.5.5,C0179B4,Gardnerella sp. 7,5.5,0.2285,0.018681541692269397
C0179B4.1B4.A.5.5,C0179B4,Gardnerella sp. 7,5.5,0.211,0.014177446878757806
C0179B4.1B4.B.5.5,C0179B4,Gardnerella sp. 7,5.5,0.258,0.009539392014169465
C0179B4.1B3.A.6,C0179B4,Gardnerella sp. 7,6,0.3285,0.005567764362830027
C0179B4.1B3.B.6,C0179B4,Gardnerella sp. 7,6,0.30116666666666664,0.01386842937514316
C0179B4.1B4.A.6,C0179B4,Gardnerella sp. 7,6,0.29433333333333334,0.009865765724632472
C0179B4.1B4.B.6,C0179B4,Gardnerella sp. 7,6,0.33,0.008000000000000007
C0179B4.1B3.A.7,C0179B4,Gardnerella sp. 7,7,0.6133333333333334,0.022941955743426397
C0179B4.1B3.B.7,C0179B4,Gardnerella sp. 7,7,0.5900000000000001,0.02262741699796954
C0179B4.1B4.A.7,C0179B4,Gardnerella sp. 7,7,0.5848333333333333,0.010115993936995688
C0179B4.1B4.B.7,C0179B4,Gardnerella sp. 7,7,0.5760000000000001,0.02757716446627538
C0101A1.3A1.A.3.5,C0101A1,Gardnerella sp. 11,3.5,0.009833333333333333,0.006027713773341706
C0101A1.3A1.B.3.5,C0101A1,Gardnerella sp. 11,3.5,0.023499999999999997,0.007211102550927977
C0101A1.3A2.A.3.5,C0101A1,Gardnerella sp. 11,3.5,0.011333333333333334,0.008621678104251709
C0101A1.3A2.B.3.5,C0101A1,Gardnerella sp. 11,3.5,0.005666666666666671,0.002886751345948131
C0101A1.3A1.A.4,C0101A1,Gardnerella sp. 11,4,0.010000000000000004,0.008888194417315592
C0101A1.3A1.B.4,C0101A1,Gardnerella sp. 11,4,0.01200000000000001,0.001732050807568879
C0101A1.3A2.A.4,C0101A1,Gardnerella sp. 11,4,0.004166666666666671,0.01616580753730952
C0101A1.3A2.B.4,C0101A1,Gardnerella sp. 11,4,0.0025000000000000022,0.0030000000000000027
C0101A1.3A1.A.4.5,C0101A1,Gardnerella sp. 11,4.5,0.04866666666666666,0.015534906930308056
C0101A1.3A1.B.4.5,C0101A1,Gardnerella sp. 11,4.5,0.06733333333333333,0.026576932353703522
C0101A1.3A2.A.4.5,C0101A1,Gardnerella sp. 11,4.5,0.10383333333333335,0.03666515148384546
C0101A1.3A2.B.4.5,C0101A1,Gardnerella sp. 11,4.5,0.0655,0.005196152422706636
C0101A1.3A1.A.5,C0101A1,Gardnerella sp. 11,5,0.1,0.022912878474779193
C0101A1.3A1.B.5,C0101A1,Gardnerella sp. 11,5,0.08266666666666668,0.006506407098647704
C0101A1.3A2.A.5,C0101A1,Gardnerella sp. 11,5,0.15983333333333333,0.009609023536933058
C0101A1.3A2.B.5,C0101A1,Gardnerella sp. 11,5,0.1585,0.005291502622129186
C0101A1.3A1.A.5.5,C0101A1,Gardnerella sp. 11,5.5,0.24150000000000002,0.03269556544854363
C0101A1.3A1.B.5.5,C0101A1,Gardnerella sp. 11,5.5,0.27016666666666667,0.01171893055416464
C0101A1.3A2.A.5.5,C0101A1,Gardnerella sp. 11,5.5,0.23616666666666666,0.036087855759705835
C0101A1.3A2.B.5.5,C0101A1,Gardnerella sp. 11,5.5,0.2755,0.004999999999999977
C0101A1.3A1.A.7,C0101A1,Gardnerella sp. 11,7,0.6123333333333333,0.0020816659994661343
C0101A1.3A1.B.7,C0101A1,Gardnerella sp. 11,7,0.5465,0.014849242404917511
C0101A1.3A2.A.7,C0101A1,Gardnerella sp. 11,7,0.5166666666666666,0.02315887159024226
C0101A1.3A2.B.7,C0101A1,Gardnerella sp. 11,7,0.567,0.024041630560342638
14018.1A1.A.3.5,14018,Gardnerella vaginalis,3.5,0.005550000000000004,7.937253933193776e-4
14018.1A1.B.3.5,14018,Gardnerella vaginalis,3.5,0.004850000000000007,7.000000000000017e-4
14018.1A2.A.3.5,14018,Gardnerella vaginalis,3.5,0.006166666666666658,5.773502691896263e-4
14018.1A2.B.3.5,14018,Gardnerella vaginalis,3.5,0.004166666666666656,0.0020816659994661343
14018.1A1.A.4,14018,Gardnerella vaginalis,4,0.005650000000000002,0.001307669683062203
14018.1A1.B.4,14018,Gardnerella vaginalis,4,0.004883333333333341,1.1547005383792846e-4
14018.1A2.A.4,14018,Gardnerella vaginalis,4,0.00683333333333333,0.003785938897200178
14018.1A2.B.4,14018,Gardnerella vaginalis,4,0.005499999999999995,0.001999999999999995
14018.1A1.A.4.5,14018,Gardnerella vaginalis,4.5,0.009283333333333338,0.00626923706150385
14018.1A1.B.4.5,14018,Gardnerella vaginalis,4.5,0.005016666666666669,0.0023158871590242282
14018.1A2.A.4.5,14018,Gardnerella vaginalis,4.5,0.022833333333333344,0.008504900548115377
14018.1A2.B.4.5,14018,Gardnerella vaginalis,4.5,0.01683333333333335,0.005507570547286107
14018.1A1.A.5,14018,Gardnerella vaginalis,5,0.03145,0.01370109484676316
14018.1A1.B.5,14018,Gardnerella vaginalis,5,0.02538333333333334,0.005435377938408089
14018.1A2.A.5,14018,Gardnerella vaginalis,5,0.087,0.007999999999999993
14018.1A2.B.5,14018,Gardnerella vaginalis,5,0.06233333333333334,0.012741009902410925
14018.1A1.A.5.5,14018,Gardnerella vaginalis,5.5,0.06338333333333333,0.010364522822268922
14018.1A1.B.5.5,14018,Gardnerella vaginalis,5.5,0.053083333333333337,0.00688573404462686
14018.1A2.A.5.5,14018,Gardnerella vaginalis,5.5,0.20933333333333332,0.011590225767142451
14018.1A2.B.5.5,14018,Gardnerella vaginalis,5.5,0.19,0.009539392014169465
14018.1A1.A.6,14018,Gardnerella vaginalis,6,0.1064,0.007453858061433686
14018.1A1.B.6,14018,Gardnerella vaginalis,6,0.12016666666666666,0.015628926173391865
14018.1A2.A.6,14018,Gardnerella vaginalis,6,0.24766666666666667,0.03384277372399215
14018.1A2.B.6,14018,Gardnerella vaginalis,6,0.276,0.004582575694955844
14018.1A1.A.7,14018,Gardnerella vaginalis,7,0.69925,0.0265011320512917
14018.1A1.B.7,14018,Gardnerella vaginalis,7,0.70705,0.055437171645025346
14018.1A2.A.7,14018,Gardnerella vaginalis,7,0.708,0.15459301407243473
14018.1A2.B.7,14018,Gardnerella vaginalis,7,0.8039999999999999,0.039597979746446695
JCP7275.1B4.A.3.5,JCP7275,Gardnerella lacydonensis,3.5,0.001666666666666668,5.773502691896263e-4
JCP7275.1B4.B.3.5,JCP7275,Gardnerella lacydonensis,3.5,0.0023333333333333353,0.0011547005383792527
JCP7275.1B4.A.4,JCP7275,Gardnerella lacydonensis,4,0.007499999999999993,0.0017320508075688787
JCP7275.1B4.B.4,JCP7275,Gardnerella lacydonensis,4,0.006499999999999992,0.0017320508075688787
JCP7275.1B4.A.4.5,JCP7275,Gardnerella lacydonensis,4.5,0.01683333333333331,0.028307831660749537
JCP7275.1B4.B.4.5,JCP7275,Gardnerella lacydonensis,4.5,-0.004500000000000032,0.002645751311064593
JCP7275.1B4.A.5,JCP7275,Gardnerella lacydonensis,5,0.06700000000000002,0.016462077633154326
JCP7275.1B4.B.5,JCP7275,Gardnerella lacydonensis,5,0.061,0.0036055512754639926
JCP7275.1B4.A.5.5,JCP7275,Gardnerella lacydonensis,5.5,0.13066666666666668,0.03262412195497886
JCP7275.1B4.B.5.5,JCP7275,Gardnerella lacydonensis,5.5,0.156,0.012124355652982118
JCP7275.1B4.A.6,JCP7275,Gardnerella lacydonensis,6,0.1405,0.03950949253027682
JCP7275.1B4.B.6,JCP7275,Gardnerella lacydonensis,6,0.20283333333333334,0.00850490054811539
JCP7275.1B4.A.7,JCP7275,Gardnerella lacydonensis,7,0.2535,0.021517434791350033
JCP7275.1B4.B.7,JCP7275,Gardnerella lacydonensis,7,0.292,0.0035355339059327407
UM35.3A1.A.3.5,UM35,Gardnerella piotii,3.5,3.333333333333338e-4,0.0032145502536643214
UM35.3A1.B.3.5,UM35,Gardnerella piotii,3.5,-0.0013333333333333346,5.773502691896263e-4
UM35.3A2.A.3.5,UM35,Gardnerella piotii,3.5,-0.0046666666666666705,0.0035118845842842493
UM35.3A2.B.3.5,UM35,Gardnerella piotii,3.5,-6.666666666666672e-4,0.0032145502536643214
UM35.3A1.A.4,UM35,Gardnerella piotii,4,-0.007666666666666673,0.001527525231651948
UM35.3A1.B.4,UM35,Gardnerella piotii,4,0.0029999999999999983,0.011789826122551599
UM35.3A2.A.4,UM35,Gardnerella piotii,4,0.0055,0.009539392014169458
UM35.3A2.B.4,UM35,Gardnerella piotii,4,0.025833333333333333,0.008504900548115375
UM35.3A1.A.4.5,UM35,Gardnerella piotii,4.5,-8.33333333333334e-4,0.004163331998932269
UM35.3A1.B.4.5,UM35,Gardnerella piotii,4.5,0.00683333333333333,0.01069267662156362
UM35.3A2.A.4.5,UM35,Gardnerella piotii,4.5,0.02566666666666666,0.008962886439832509
UM35.3A2.B.4.5,UM35,Gardnerella piotii,4.5,0.026999999999999996,0.006557438524302007
UM35.3A1.A.5,UM35,Gardnerella piotii,5,0.008166666666666673,0.022941955743426348
UM35.3A1.B.5,UM35,Gardnerella piotii,5,-0.0024999999999999883,0.0020000000000000018
UM35.3A2.A.5,UM35,Gardnerella piotii,5,0.02966666666666667,0.010066445913694334
UM35.3A2.B.5,UM35,Gardnerella piotii,5,0.026,0.009848857801796108
UM35.3A1.A.5.5,UM35,Gardnerella piotii,5.5,0.09216666666666666,0.004932882862316252
UM35.3A1.B.5.5,UM35,Gardnerella piotii,5.5,0.08750000000000001,0.02179449471770337
UM35.3A2.A.5.5,UM35,Gardnerella piotii,5.5,0.0395,0.00754983443527075
UM35.3A2.B.5.5,UM35,Gardnerella piotii,5.5,0.03716666666666667,0.005507570547286099
UM35.3A1.A.7,UM35,Gardnerella piotii,7,0.6086666666666667,0.12720980046102315
UM35.3A1.B.7,UM35,Gardnerella piotii,7,0.6964999999999999,0.1138441917710341
UM35.3A2.A.7,UM35,Gardnerella piotii,7,0.5675,0.07731106001084193
UM35.3A2.B.7,UM35,Gardnerella piotii,7,0.6080000000000001,0.013435028842544414
C0102A2.1B1.A.3.5,C0102A2,Gardnerella swidsinskii,3.5,-0.0018333333333333257,0.0011547005383792447
C0102A2.1B1.B.3.5,C0102A2,Gardnerella swidsinskii,3.5,0.005833333333333339,0.0025166114784235852
C0102A2.1B2.A.3.5,C0102A2,Gardnerella swidsinskii,3.5,0.007833333333333326,0.004932882862316252
C0102A2.1B2.B.3.5,C0102A2,Gardnerella swidsinskii,3.5,0.006166666666666663,0.005859465277082312
C0102A2.1B1.A.4,C0102A2,Gardnerella swidsinskii,4,-0.003333333333333336,5.773502691896263e-4
C0102A2.1B1.B.4,C0102A2,Gardnerella swidsinskii,4,0.0030000000000000027,0.002645751311064593
C0102A2.1B2.A.4,C0102A2,Gardnerella swidsinskii,4,0.008333333333333326,0.006350852961085889
C0102A2.1B2.B.4,C0102A2,Gardnerella swidsinskii,4,-0.00233333333333334,0.004041451884327377
C0102A2.1B1.A.4.5,C0102A2,Gardnerella swidsinskii,4.5,0.009500000000000019,0.015394804318340654
C0102A2.1B1.B.4.5,C0102A2,Gardnerella swidsinskii,4.5,0.011833333333333343,0.005131601439446888
C0102A2.1B2.A.4.5,C0102A2,Gardnerella swidsinskii,4.5,0.012999999999999994,0.021071307505705482
C0102A2.1B2.B.4.5,C0102A2,Gardnerella swidsinskii,4.5,-0.004333333333333347,0.010969655114602883
C0102A2.1B1.A.5,C0102A2,Gardnerella swidsinskii,5,0.013333333333333336,0.010969655114602891
C0102A2.1B1.B.5,C0102A2,Gardnerella swidsinskii,5,0.045000000000000005,0.013856406460551023
C0102A2.1B2.A.5,C0102A2,Gardnerella swidsinskii,5,0.045500000000000006,0.0036055512754639774
C0102A2.1B2.B.5,C0102A2,Gardnerella swidsinskii,5,0.011833333333333335,0.006806859285554046
C0102A2.1B1.A.5.5,C0102A2,Gardnerella swidsinskii,5.5,0.0028333333333333357,5.773502691896263e-4
C0102A2.1B1.B.5.5,C0102A2,Gardnerella swidsinskii,5.5,0.07316666666666666,0.016165807537309514
C0102A2.1B2.A.5.5,C0102A2,Gardnerella swidsinskii,5.5,0.09833333333333333,0.009018499505645781
C0102A2.1B2.B.5.5,C0102A2,Gardnerella swidsinskii,5.5,-0.014999999999999998,0.004582575694955841
C0102A2.1B1.A.6,C0102A2,Gardnerella swidsinskii,6,-6.666666666666673e-4,5.773502691896263e-4
C0102A2.1B1.B.6,C0102A2,Gardnerella swidsinskii,6,0.174,0.021377558326431952
C0102A2.1B2.A.6,C0102A2,Gardnerella swidsinskii,6,0.19766666666666668,0.01563116545025782
C0102A2.1B2.B.6,C0102A2,Gardnerella swidsinskii,6,0.006666666666666668,0.00404145188432738
C0102A2.1B1.A.7,C0102A2,Gardnerella swidsinskii,7,0.006000000000000005,NA
C0102A2.1B1.B.7,C0102A2,Gardnerella swidsinskii,7,0.316,0.0028284271247461927
C0102A2.1B2.A.7,C0102A2,Gardnerella swidsinskii,7,0.19866666666666669,0.019502136635080103
C0102A2.1B2.B.7,C0102A2,Gardnerella swidsinskii,7,0.008,0
CMW7778B.2A1.A.3.5,CMW7778B,Gardnerella sp. 12,3.5,0.007999999999999993,0.0010000000000000009
CMW7778B.2A1.B.3.5,CMW7778B,Gardnerella sp. 12,3.5,0.006666666666666658,0.0011547005383792527
CMW7778B.2A2.A.3.5,CMW7778B,Gardnerella sp. 12,3.5,0.006333333333333339,5.773502691896263e-4
CMW7778B.2A2.B.3.5,CMW7778B,Gardnerella sp. 12,3.5,0.011000000000000005,0.006244997998398398
CMW7778B.2A1.A.4,CMW7778B,Gardnerella sp. 12,4,5.000000000000004e-4,0.0010000000000000009
CMW7778B.2A1.B.4,CMW7778B,Gardnerella sp. 12,4,-0.0011666666666666678,0.0023094010767585054
CMW7778B.2A2.A.4,CMW7778B,Gardnerella sp. 12,4,-0.005833333333333339,0.0011547005383792527
CMW7778B.2A2.B.4,CMW7778B,Gardnerella sp. 12,4,-0.005500000000000005,0.0030000000000000027
CMW7778B.2A1.A.4.5,CMW7778B,Gardnerella sp. 12,4.5,-0.010000000000000009,0.007549834435270757
CMW7778B.2A1.B.4.5,CMW7778B,Gardnerella sp. 12,4.5,-0.01466666666666668,0.006806859285554052
CMW7778B.2A2.A.4.5,CMW7778B,Gardnerella sp. 12,4.5,0.0038333333333333275,0.008504900548115375
CMW7778B.2A2.B.4.5,CMW7778B,Gardnerella sp. 12,4.5,-0.0011666666666666678,0.0032145502536643214
CMW7778B.2A1.A.5,CMW7778B,Gardnerella sp. 12,5,0.008166666666666674,0.0025166114784235852
CMW7778B.2A1.B.5,CMW7778B,Gardnerella sp. 12,5,0.007166666666666673,0.0037859388972001857
CMW7778B.2A2.A.5,CMW7778B,Gardnerella sp. 12,5,0.015166666666666667,0.006429100507328643
CMW7778B.2A2.B.5,CMW7778B,Gardnerella sp. 12,5,0.017166666666666667,0.005773502691896262
CMW7778B.2A1.A.5.5,CMW7778B,Gardnerella sp. 12,5.5,0.030833333333333327,0.004932882862316244
CMW7778B.2A1.B.5.5,CMW7778B,Gardnerella sp. 12,5.5,0.027166666666666662,0.006658328118479399
CMW7778B.2A2.A.5.5,CMW7778B,Gardnerella sp. 12,5.5,0.045500000000000006,0.0138924439894498
CMW7778B.2A2.B.5.5,CMW7778B,Gardnerella sp. 12,5.5,0.03783333333333334,0.00950438495292217
CMW7778B.2A1.A.6,CMW7778B,Gardnerella sp. 12,6,0.11783333333333333,0.008504900548115379
CMW7778B.2A1.B.6,CMW7778B,Gardnerella sp. 12,6,0.09783333333333334,0.008144527815247084
CMW7778B.2A2.A.6,CMW7778B,Gardnerella sp. 12,6,0.11266666666666668,0.016502525059315418
CMW7778B.2A2.B.6,CMW7778B,Gardnerella sp. 12,6,0.11033333333333334,0.015821925715074427
CMW7778B.2A1.A.7,CMW7778B,Gardnerella sp. 12,7,0.29350000000000004,0.06199999999999999
CMW7778B.2A1.B.7,CMW7778B,Gardnerella sp. 12,7,0.3525,0.004242640687119289
CMW7778B.2A2.A.7,CMW7778B,Gardnerella sp. 12,7,0.2846666666666667,0.07223111056416988
CMW7778B.2A2.B.7,CMW7778B,Gardnerella sp. 12,7,0.3775,0.006363961030678933
JCP7275.1B4.A.3.5,JCP7275,Gardnerella lacydonensis,3.5,0.001666666666666668,5.773502691896263e-4
JCP7275.1B4.B.3.5,JCP7275,Gardnerella lacydonensis,3.5,0.003333333333333336,0.0025166114784235857
JCP7275.1B4.A.4,JCP7275,Gardnerella lacydonensis,4,-1.6666666666667607e-4,0.002081665999466127
JCP7275.1B4.B.4,JCP7275,Gardnerella lacydonensis,4,0.0014999999999999922,0.001999999999999995
JCP7275.1B4.A.4.5,JCP7275,Gardnerella lacydonensis,4.5,0.024833333333333308,0.01069267662156362
JCP7275.1B4.B.4.5,JCP7275,Gardnerella lacydonensis,4.5,0.07349999999999997,0.03204684071792412
JCP7275.1B4.A.5,JCP7275,Gardnerella lacydonensis,5,0.07333333333333333,0.008082903768654753
JCP7275.1B4.B.5,JCP7275,Gardnerella lacydonensis,5,0.061000000000000006,0.04186884283091665
JCP7275.1B4.A.5.5,JCP7275,Gardnerella lacydonensis,5.5,0.12733333333333335,0.02500666577801475
JCP7275.1B4.B.5.5,JCP7275,Gardnerella lacydonensis,5.5,0.11966666666666667,0.0020816659994661348
JCP7275.1B4.A.6,JCP7275,Gardnerella lacydonensis,6,0.1295,0.0222710574513201
JCP7275.1B4.B.6,JCP7275,Gardnerella lacydonensis,6,0.1701666666666667,0.009073771725877443
JCP7275.1B4.A.7,JCP7275,Gardnerella lacydonensis,7,0.27416666666666667,0.014011899704655792
JCP7275.1B4.B.7,JCP7275,Gardnerella lacydonensis,7,0.2595,0.029698484809835023
JCP8017B.1B1.A.3.5,JCP8017B,Gardnerella pickettii,3.5,0.009500000000000003,0.006244997998398396
JCP8017B.1B1.B.3.5,JCP8017B,Gardnerella pickettii,3.5,0.013166666666666674,0.004041451884327377
JCP8017B.1B2.A.3.5,JCP8017B,Gardnerella pickettii,3.5,0.00816666666666666,0.0020816659994661343
JCP8017B.1B2.B.3.5,JCP8017B,Gardnerella pickettii,3.5,0.01283333333333333,0.001527525231651948
JCP8017B.1B1.A.4,JCP8017B,Gardnerella pickettii,4,-6.666666666666626e-4,0.005859465277082315
JCP8017B.1B1.B.4,JCP8017B,Gardnerella pickettii,4,0.008666666666666675,0.0020816659994661343
JCP8017B.1B2.A.4,JCP8017B,Gardnerella pickettii,4,3.333333333333244e-4,0.004509249752822892
JCP8017B.1B2.B.4,JCP8017B,Gardnerella pickettii,4,0.007999999999999993,0.002645751311064593
JCP8017B.1B1.A.4.5,JCP8017B,Gardnerella pickettii,4.5,0.009833333333333341,0.006429100507328643
JCP8017B.1B1.B.4.5,JCP8017B,Gardnerella pickettii,4.5,0.006833333333333349,0.01939931270260195
JCP8017B.1B2.A.4.5,JCP8017B,Gardnerella pickettii,4.5,0.018666666666666654,0.009291573243177578
JCP8017B.1B2.B.4.5,JCP8017B,Gardnerella pickettii,4.5,0.020333333333333325,0.004163331998932269
JCP8017B.1B1.A.5,JCP8017B,Gardnerella pickettii,5,0.07066666666666667,0.011503622617824928
JCP8017B.1B1.B.5,JCP8017B,Gardnerella pickettii,5,0.05433333333333334,0.038397048497681864
JCP8017B.1B2.A.5,JCP8017B,Gardnerella pickettii,5,0.08216666666666668,0.012662279942148382
JCP8017B.1B2.B.5,JCP8017B,Gardnerella pickettii,5,0.07516666666666667,5.773502691896263e-4
JCP8017B.1B1.A.5.5,JCP8017B,Gardnerella pickettii,5.5,0.2698333333333333,0.03178574103797697
JCP8017B.1B1.B.5.5,JCP8017B,Gardnerella pickettii,5.5,0.2615,0.0030000000000000027
JCP8017B.1B2.A.5.5,JCP8017B,Gardnerella pickettii,5.5,0.367,0.022271057451320107
JCP8017B.1B2.B.5.5,JCP8017B,Gardnerella pickettii,5.5,0.3283333333333333,0.020108041509140886
JCP8017B.1B1.A.6,JCP8017B,Gardnerella pickettii,6,0.48333333333333334,0.017243356208503403
JCP8017B.1B1.B.6,JCP8017B,Gardnerella pickettii,6,0.44433333333333336,0.013650396819628858
JCP8017B.1B2.A.6,JCP8017B,Gardnerella pickettii,6,0.455,0.0417612260356422
JCP8017B.1B2.B.6,JCP8017B,Gardnerella pickettii,6,0.43066666666666664,0.008326663997864539
JCP8017B.1B1.A.7,JCP8017B,Gardnerella pickettii,7,0.38266666666666665,0.0025166114784235857
JCP8017B.1B1.B.7,JCP8017B,Gardnerella pickettii,7,0.43300000000000005,0.03535533905932737
JCP8017B.1B2.A.7,JCP8017B,Gardnerella pickettii,7,0.6843333333333332,0.022810816147900852
JCP8017B.1B2.B.7,JCP8017B,Gardnerella pickettii,7,0.577,0.014142135623730963
C0093B3.3A1.A.3.5,C0093B3,Gardnerella piotii,3.5,0.042333333333333334,0.01078579312490896
C0093B3.3A1.B.3.5,C0093B3,Gardnerella piotii,3.5,0.04700000000000001,0.007549834435270749
C0093B3.3A2.A.3.5,C0093B3,Gardnerella piotii,3.5,0.004333333333333328,0.0028867513459481233
C0093B3.3A2.B.3.5,C0093B3,Gardnerella piotii,3.5,0.010333333333333328,0.006110100926607792
C0093B3.3A1.A.4,C0093B3,Gardnerella piotii,4,0.032999999999999995,0.013076696830622016
C0093B3.3A1.B.4,C0093B3,Gardnerella piotii,4,0.036,9.99999999999994e-4
C0093B3.3A2.A.4,C0093B3,Gardnerella piotii,4,0.005166666666666672,0.011060440015358036
C0093B3.3A2.B.4,C0093B3,Gardnerella piotii,4,0.013833333333333336,0.007571877794400367
C0093B3.3A1.A.4.5,C0093B3,Gardnerella piotii,4.5,0.0665,0.01044030650891056
C0093B3.3A1.B.4.5,C0093B3,Gardnerella piotii,4.5,0.0605,0.009539392014169465
C0093B3.3A2.A.4.5,C0093B3,Gardnerella piotii,4.5,0.04366666666666666,0.027736858750286305
C0093B3.3A2.B.4.5,C0093B3,Gardnerella piotii,4.5,0.039666666666666656,0.002516611478423571
C0093B3.3A1.A.5,C0093B3,Gardnerella piotii,5,0.18416666666666667,0.01644181660685135
C0093B3.3A1.B.5,C0093B3,Gardnerella piotii,5,0.1845,0.008185352771872458
C0093B3.3A2.A.5,C0093B3,Gardnerella piotii,5,0.12566666666666668,0.020033305601755615
C0093B3.3A2.B.5,C0093B3,Gardnerella piotii,5,0.089,0.0078102496759066605
C0093B3.3A1.A.5.5,C0093B3,Gardnerella piotii,5.5,0.2781666666666667,0.023459184413217208
C0093B3.3A1.B.5.5,C0093B3,Gardnerella piotii,5.5,0.28150000000000003,0.004358898943540646
C0093B3.3A2.A.5.5,C0093B3,Gardnerella piotii,5.5,0.23616666666666666,0.043362810487021404
C0093B3.3A2.B.5.5,C0093B3,Gardnerella piotii,5.5,0.23149999999999998,0.008185352771872458
C0093B3.3A1.A.7,C0093B3,Gardnerella piotii,7,0.595,0.010583005244258372
C0093B3.3A1.B.7,C0093B3,Gardnerella piotii,7,0.58,0.0014142135623730963
C0093B3.3A2.A.7,C0093B3,Gardnerella piotii,7,0.5915,0.016822603841260737
C0093B3.3A2.B.7,C0093B3,Gardnerella piotii,7,0.5760000000000001,0.0021213203435596446
C0102A2.1B3.A.3.5,C0102A2,Gardnerella swidsinskii,3.5,0.0031666666666666696,0.0025166114784235852
C0102A2.1B3.B.3.5,C0102A2,Gardnerella swidsinskii,3.5,0.00783333333333334,0.0020816659994661343
C0102A2.1B3.A.4,C0102A2,Gardnerella swidsinskii,4,-0.0015000000000000013,0.008660254037844393
C0102A2.1B3.B.4,C0102A2,Gardnerella swidsinskii,4,0.017166666666666667,0.0028867513459481316
C0102A2.1B3.A.4.5,C0102A2,Gardnerella swidsinskii,4.5,0.02933333333333334,0.008326663997864522
C0102A2.1B3.B.4.5,C0102A2,Gardnerella swidsinskii,4.5,0.04033333333333334,0.0025166114784235852
C0102A2.1B3.A.5,C0102A2,Gardnerella swidsinskii,5,0.10383333333333332,0.028041635710730803
C0102A2.1B3.B.5,C0102A2,Gardnerella swidsinskii,5,0.09816666666666667,0.008326663997864523
C0102A2.1B3.A.5.5,C0102A2,Gardnerella swidsinskii,5.5,0.38366666666666666,0.08230633835454798
C0102A2.1B3.B.5.5,C0102A2,Gardnerella swidsinskii,5.5,0.36233333333333334,0.025579940057266225
C0102A2.1B3.A.6,C0102A2,Gardnerella swidsinskii,6,0.588,0.021633307652783956
C0102A2.1B3.B.6,C0102A2,Gardnerella swidsinskii,6,0.5573333333333332,0.015567059238447504
C0102A2.1B3.A.7,C0102A2,Gardnerella swidsinskii,7,0.8603333333333333,0.029687258770949784
C0102A2.1B3.B.7,C0102A2,Gardnerella swidsinskii,7,0.8009999999999999,0.0028284271247461927
C0056B5.1A1.A.3.5,C0056B5,Gardnerella greenwoodii,3.5,0.00731666666666667,0.0056412173627093404
C0056B5.1A1.B.3.5,C0056B5,Gardnerella greenwoodii,3.5,0.017383333333333334,0.014104727339914561
C0056B5.1A2.A.3.5,C0056B5,Gardnerella greenwoodii,3.5,0.005166666666666657,0.001527525231651948
C0056B5.1A2.B.3.5,C0056B5,Gardnerella greenwoodii,3.5,0.008499999999999994,0.0020000000000000018
C0056B5.1A1.A.4,C0056B5,Gardnerella greenwoodii,4,0.01488333333333334,0.0074272022547748956
C0056B5.1A1.B.4,C0056B5,Gardnerella greenwoodii,4,0.017383333333333334,0.0020256686138984663
C0056B5.1A2.A.4,C0056B5,Gardnerella greenwoodii,4,5.000000000000004e-4,0.0020000000000000018
C0056B5.1A2.B.4,C0056B5,Gardnerella greenwoodii,4,0.008833333333333327,0.001527525231651948
C0056B5.1A1.A.4.5,C0056B5,Gardnerella greenwoodii,4.5,0.005583333333333333,0.004178915329763612
C0056B5.1A1.B.4.5,C0056B5,Gardnerella greenwoodii,4.5,0.010016666666666669,0.0054884727687521
C0056B5.1A2.A.4.5,C0056B5,Gardnerella greenwoodii,4.5,-0.010166666666666657,0.006350852961085882
C0056B5.1A2.B.4.5,C0056B5,Gardnerella greenwoodii,4.5,-0.007499999999999993,0.001732050807568879
C0056B5.1A1.A.5,C0056B5,Gardnerella greenwoodii,5,0.03855000000000001,0.0398270008913551
C0056B5.1A1.B.5,C0056B5,Gardnerella greenwoodii,5,0.03225000000000001,0.010123734488813896
C0056B5.1A2.A.5,C0056B5,Gardnerella greenwoodii,5,0.005333333333333329,0.005131601439446883
C0056B5.1A2.B.5,C0056B5,Gardnerella greenwoodii,5,0.0013333333333333346,5.773502691896263e-4
C0056B5.1A1.A.5.5,C0056B5,Gardnerella greenwoodii,5.5,0.37901666666666667,0.1619125175313303
C0056B5.1A1.B.5.5,C0056B5,Gardnerella greenwoodii,5.5,0.2857166666666667,0.10570077262410778
C0056B5.1A2.A.5.5,C0056B5,Gardnerella greenwoodii,5.5,0.12933333333333333,0.033005050118630835
C0056B5.1A2.B.5.5,C0056B5,Gardnerella greenwoodii,5.5,0.08666666666666667,0.03701801363300485
C0056B5.1A1.A.6,C0056B5,Gardnerella greenwoodii,6,0.48016666666666663,0.14408908124258873
C0056B5.1A1.B.6,C0056B5,Gardnerella greenwoodii,6,0.28450000000000003,0.01836001089324297
C0056B5.1A2.A.6,C0056B5,Gardnerella greenwoodii,6,0.10466666666666669,0.09844964872122874
C0056B5.1A2.B.6,C0056B5,Gardnerella greenwoodii,6,0.20566666666666666,0.0353600527903075
C0056B5.1A1.A.7,C0056B5,Gardnerella greenwoodii,7,0.30448333333333333,0.09624096494390179
C0056B5.1A1.B.7,C0056B5,Gardnerella greenwoodii,7,0.35215,0.049356053326821
C0056B5.1A2.A.7,C0056B5,Gardnerella greenwoodii,7,0.12733333333333335,0.019139836293274124
C0056B5.1A2.B.7,C0056B5,Gardnerella greenwoodii,7,0.179,0.018384776310850233
UM224.1B1.A.3.5,UM224,Gardnerella swidsinskii,3.5,0.0016666666666666542,5.773502691896263e-4
UM224.1B1.B.3.5,UM224,Gardnerella swidsinskii,3.5,9.99999999999987e-4,0.0010000000000000009
UM224.1B2.A.3.5,UM224,Gardnerella swidsinskii,3.5,-6.666666666666673e-4,5.773502691896263e-4
UM224.1B2.B.3.5,UM224,Gardnerella swidsinskii,3.5,-0.0010000000000000009,0.0010000000000000009
UM224.1B1.A.4,UM224,Gardnerella swidsinskii,4,0.008333333333333337,0.0047258156262526075
UM224.1B1.B.4,UM224,Gardnerella swidsinskii,4,0.008666666666666675,0.0025166114784235852
UM224.1B2.A.4,UM224,Gardnerella swidsinskii,4,0.008499999999999999,0.005999999999999998
UM224.1B2.B.4,UM224,Gardnerella swidsinskii,4,0.010499999999999995,0.0020000000000000018
UM224.1B1.A.4.5,UM224,Gardnerella swidsinskii,4.5,0.028000000000000025,0.0017320508075688787
UM224.1B1.B.4.5,UM224,Gardnerella swidsinskii,4.5,0.024333333333333356,0.0050332229568471705
UM224.1B2.A.4.5,UM224,Gardnerella swidsinskii,4.5,0.0026666666666666687,0.010016652800877823
UM224.1B2.B.4.5,UM224,Gardnerella swidsinskii,4.5,0.0050000000000000044,0.004358898943540678
UM224.1B1.A.5,UM224,Gardnerella swidsinskii,5,0.050833333333333335,0.005859465277082321
UM224.1B1.B.5,UM224,Gardnerella swidsinskii,5,0.03383333333333333,0.004725815626252613
UM224.1B2.A.5,UM224,Gardnerella swidsinskii,5,0.043666666666666666,0.003055050463303896
UM224.1B2.B.5,UM224,Gardnerella swidsinskii,5,0.04833333333333333,0.00838649708360609
UM224.1B1.A.5.5,UM224,Gardnerella swidsinskii,5.5,0.0845,0.008185352771872446
UM224.1B1.B.5.5,UM224,Gardnerella swidsinskii,5.5,0.0785,0.002999999999999989
UM224.1B2.A.5.5,UM224,Gardnerella swidsinskii,5.5,0.14816666666666667,0.006806859285554036
UM224.1B2.B.5.5,UM224,Gardnerella swidsinskii,5.5,0.14883333333333332,0.005131601439446888
UM224.1B1.A.6,UM224,Gardnerella swidsinskii,6,0.21366666666666667,0.01755942292142122
UM224.1B1.B.6,UM224,Gardnerella swidsinskii,6,0.194,0.022605309110914643
UM224.1B2.A.6,UM224,Gardnerella swidsinskii,6,0.21450000000000002,0.010583005244258372
UM224.1B2.B.6,UM224,Gardnerella swidsinskii,6,0.23216666666666666,0.005507570547286107
UM224.1B1.A.7,UM224,Gardnerella swidsinskii,7,0.3195,0.026229754097208027
UM224.1B1.B.7,UM224,Gardnerella swidsinskii,7,0.3275,0.0014142135623730963
UM224.1B2.A.7,UM224,Gardnerella swidsinskii,7,0.33333333333333337,0.01106044001535805
UM224.1B2.B.7,UM224,Gardnerella swidsinskii,7,0.3225,0.006363961030678933
Gv5-1.1A1.A.3.5,Gv5-1,Gardnerella swidsinskii,3.5,0.011200000000000007,5.19615242270662e-4
Gv5-1.1A1.B.3.5,Gv5-1,Gardnerella swidsinskii,3.5,0.010333333333333333,9.451631252505277e-4
Gv5-1.1A2.B.3.5,Gv5-1,Gardnerella swidsinskii,3.5,-3.333333333333336e-4,5.773502691896263e-4
Gv5-1.1A1.A.4,Gv5-1,Gardnerella swidsinskii,4,0.0061666666666666675,3.785938897200132e-4
Gv5-1.1A1.B.4,Gv5-1,Gardnerella swidsinskii,4,0.006333333333333334,4.1633319989322514e-4
Gv5-1.1A2.B.4,Gv5-1,Gardnerella swidsinskii,4,-0.0011666666666666676,5.773502691896263e-4
Gv5-1.1A1.A.4.5,Gv5-1,Gardnerella swidsinskii,4.5,0.031983333333333336,0.02455246084068425
Gv5-1.1A1.B.4.5,Gv5-1,Gardnerella swidsinskii,4.5,0.011150000000000007,0.001307669683062203
Gv5-1.1A2.B.4.5,Gv5-1,Gardnerella swidsinskii,4.5,0.03516666666666667,0.004618802153517011
Gv5-1.1A1.A.5,Gv5-1,Gardnerella swidsinskii,5,0.045783333333333336,0.026912141002405094
Gv5-1.1A1.B.5,Gv5-1,Gardnerella swidsinskii,5,0.03861666666666668,0.0050143128475727715
Gv5-1.1A2.B.5,Gv5-1,Gardnerella swidsinskii,5,0.04666666666666668,0.0050332229568471705
Gv5-1.1A1.A.5.5,Gv5-1,Gardnerella swidsinskii,5.5,0.07103333333333334,0.028687511801014278
Gv5-1.1A1.B.5.5,Gv5-1,Gardnerella swidsinskii,5.5,0.07593333333333334,0.01095734152672687
Gv5-1.1A2.B.5.5,Gv5-1,Gardnerella swidsinskii,5.5,0.24783333333333332,0.011547005383792525
Gv5-1.1A1.A.6,Gv5-1,Gardnerella swidsinskii,6,0.10981666666666667,0.03326715096507866
Gv5-1.1A1.B.6,Gv5-1,Gardnerella swidsinskii,6,0.15245,0.00648613906727262
Gv5-1.1A2.B.6,Gv5-1,Gardnerella swidsinskii,6,0.39816666666666667,0.017097758137642832
Gv5-1.1A1.A.7,Gv5-1,Gardnerella swidsinskii,7,0.6626166666666666,0.020143071596291712
Gv5-1.1A1.B.7,Gv5-1,Gardnerella swidsinskii,7,0.71555,0.027152900397563417
Gv5-1.1A2.B.7,Gv5-1,Gardnerella swidsinskii,7,0.7589999999999999,0.016970562748477077
315-A.1A1.A.3.5,315-A,Gardnerella vaginalis,3.5,0.010399999999999998,0.004881598098983567
315-A.1A1.B.3.5,315-A,Gardnerella vaginalis,3.5,0.014433333333333331,0.0012662279942148383
315-A.1A2.A.3.5,315-A,Gardnerella vaginalis,3.5,0.016333333333333335,5.773502691896262e-4
315-A.1A2.B.3.5,315-A,Gardnerella vaginalis,3.5,0.016999999999999998,0.0017320508075688709
315-A.1A1.A.4,315-A,Gardnerella vaginalis,4,0.017333333333333336,0.008674291517659138
315-A.1A1.B.4,315-A,Gardnerella vaginalis,4,0.02953333333333333,0.006537838582691782
315-A.1A2.A.4,315-A,Gardnerella vaginalis,4,0.009166666666666662,0.0023094010767585054
315-A.1A2.B.4,315-A,Gardnerella vaginalis,4,0.011166666666666663,0.0028867513459481316
315-A.1A1.A.4.5,315-A,Gardnerella vaginalis,4.5,0.03065000000000001,0.01893884896185616
315-A.1A1.B.4.5,315-A,Gardnerella vaginalis,4.5,0.06458333333333334,0.009544806615816437
315-A.1A2.A.4.5,315-A,Gardnerella vaginalis,4.5,0.045833333333333344,0.005773502691896262
315-A.1A2.B.4.5,315-A,Gardnerella vaginalis,4.5,0.0335,0.008717797887081356
315-A.1A1.A.5,315-A,Gardnerella vaginalis,5,0.11295000000000001,0.039883956674332095
315-A.1A1.B.5,315-A,Gardnerella vaginalis,5,0.12671666666666667,0.035037741555832815
315-A.1A2.A.5,315-A,Gardnerella vaginalis,5,0.138,0.014177446878757823
315-A.1A2.B.5,315-A,Gardnerella vaginalis,5,0.11833333333333335,0.028936712552280936
315-A.1A1.A.5.5,315-A,Gardnerella vaginalis,5.5,0.16746666666666665,0.01155782563172387
315-A.1A1.B.5.5,315-A,Gardnerella vaginalis,5.5,0.2261,0.034509708778835
315-A.1A2.A.5.5,315-A,Gardnerella vaginalis,5.5,0.30383333333333334,0.0041633319989322695
315-A.1A2.B.5.5,315-A,Gardnerella vaginalis,5.5,0.21483333333333335,0.035118845842842465
315-A.1A1.A.6,315-A,Gardnerella vaginalis,6,0.22198333333333334,0.0265015722804013
315-A.1A1.B.6,315-A,Gardnerella vaginalis,6,0.36091666666666666,0.005688878038184083
315-A.1A2.A.6,315-A,Gardnerella vaginalis,6,0.2791666666666667,0.027610384519838403
315-A.1A2.B.6,315-A,Gardnerella vaginalis,6,0.2165,0.002645751311064593
315-A.1A1.A.7,315-A,Gardnerella vaginalis,7,0.70285,0.011905040949110613
315-A.1A1.B.7,315-A,Gardnerella vaginalis,7,0.8315,0.05508361825443211
315-A.1A2.A.7,315-A,Gardnerella vaginalis,7,0.6276666666666666,0.016502525059315373
315-A.1A2.B.7,315-A,Gardnerella vaginalis,7,0.4205,0.016263455967290567
JCP8108.1B1.A.3.5,JCP8108,Gardnerella lacydonensis,3.5,0.0018333333333333212,5.773502691896263e-4
JCP8108.1B1.B.3.5,JCP8108,Gardnerella lacydonensis,3.5,0.002166666666666655,0.0011547005383792527
JCP8108.1B2.A.3.5,JCP8108,Gardnerella lacydonensis,3.5,0.004333333333333324,5.773502691896263e-4
JCP8108.1B2.B.3.5,JCP8108,Gardnerella lacydonensis,3.5,0.003333333333333327,0.0011547005383792447
JCP8108.1B1.A.4,JCP8108,Gardnerella lacydonensis,4,0.0033333333333333366,0.005507570547286107
JCP8108.1B1.B.4,JCP8108,Gardnerella lacydonensis,4,0.0040000000000000036,0.0020000000000000018
JCP8108.1B2.A.4,JCP8108,Gardnerella lacydonensis,4,0.006333333333333325,0.0025166114784235852
JCP8108.1B2.B.4,JCP8108,Gardnerella lacydonensis,4,0.006666666666666658,0.0020816659994661343
JCP8108.1B1.A.4.5,JCP8108,Gardnerella lacydonensis,4.5,0.011666666666666678,0.006027713773341713
JCP8108.1B1.B.4.5,JCP8108,Gardnerella lacydonensis,4.5,0.020333333333333353,0.003055050463303896
JCP8108.1B2.A.4.5,JCP8108,Gardnerella lacydonensis,4.5,0.016000000000000004,0.006082762530298209
JCP8108.1B2.B.4.5,JCP8108,Gardnerella lacydonensis,4.5,0.0030000000000000027,0.005567764362830027
JCP8108.1B1.A.5,JCP8108,Gardnerella lacydonensis,5,0.09783333333333334,0.006350852961085889
JCP8108.1B1.B.5,JCP8108,Gardnerella lacydonensis,5,0.1005,0.0020000000000000018
JCP8108.1B2.A.5,JCP8108,Gardnerella lacydonensis,5,0.08666666666666668,0.009609023536933043
JCP8108.1B2.B.5,JCP8108,Gardnerella lacydonensis,5,0.064,0.004582575694955844
JCP8108.1B1.A.5.5,JCP8108,Gardnerella lacydonensis,5.5,0.18083333333333332,0.006506407098647717
JCP8108.1B1.B.5.5,JCP8108,Gardnerella lacydonensis,5.5,0.17716666666666667,0.012503332889007363
JCP8108.1B2.A.5.5,JCP8108,Gardnerella lacydonensis,5.5,0.22066666666666668,0.014364307617610143
JCP8108.1B2.B.5.5,JCP8108,Gardnerella lacydonensis,5.5,0.18533333333333335,0.009609023536933043
JCP8108.1B1.A.6,JCP8108,Gardnerella lacydonensis,6,0.2995,0.03143246729100342
JCP8108.1B1.B.6,JCP8108,Gardnerella lacydonensis,6,0.2775,0.006000000000000005
JCP8108.1B2.A.6,JCP8108,Gardnerella lacydonensis,6,0.2786666666666667,0.007094598884597594
JCP8108.1B2.B.6,JCP8108,Gardnerella lacydonensis,6,0.24433333333333332,0.0023094010767585054
JCP8108.1B1.A.7,JCP8108,Gardnerella lacydonensis,7,0.3815,0.03157530680769389
JCP8108.1B1.B.7,JCP8108,Gardnerella lacydonensis,7,0.3605,0.005656854249492385
JCP8108.1B2.A.7,JCP8108,Gardnerella lacydonensis,7,0.2916666666666667,0.008736894948054082
JCP8108.1B2.B.7,JCP8108,Gardnerella lacydonensis,7,0.28600000000000003,0.007071067811865442
JCP8066.1A1.A.3.5,JCP8066,Gardnerella piotii,3.5,0.003866666666666664,5.5075705472861e-4
JCP8066.1A1.B.3.5,JCP8066,Gardnerella piotii,3.5,0.004599999999999997,9.165151389911662e-4
JCP8066.1A2.A.3.5,JCP8066,Gardnerella piotii,3.5,0.0020000000000000018,0.0020000000000000018
JCP8066.1A2.B.3.5,JCP8066,Gardnerella piotii,3.5,0.005666666666666667,0.006350852961085881
JCP8066.1A1.A.4,JCP8066,Gardnerella piotii,4,0.005950000000000001,6.082762530298188e-4
JCP8066.1A1.B.4,JCP8066,Gardnerella piotii,4,0.0032833333333333373,3.511884584284209e-4
JCP8066.1A2.A.4,JCP8066,Gardnerella piotii,4,0.007666666666666664,0.014468356276140475
JCP8066.1A2.B.4,JCP8066,Gardnerella piotii,4,0.01333333333333333,0.004618802153517011
JCP8066.1A1.A.4.5,JCP8066,Gardnerella piotii,4.5,0.014766666666666659,0.004759551799627071
JCP8066.1A1.B.4.5,JCP8066,Gardnerella piotii,4.5,0.014899999999999991,0.0022605309110914624
JCP8066.1A2.A.4.5,JCP8066,Gardnerella piotii,4.5,0.0375,0.018520259177452137
JCP8066.1A2.B.4.5,JCP8066,Gardnerella piotii,4.5,0.04416666666666666,0.00907377172587746
JCP8066.1A1.A.5,JCP8066,Gardnerella piotii,5,0.023450000000000002,0.00249799919935936
JCP8066.1A1.B.5,JCP8066,Gardnerella piotii,5,0.033249999999999995,0.0019924858845171284
JCP8066.1A2.A.5,JCP8066,Gardnerella piotii,5,0.038833333333333324,0.01201388086062673
JCP8066.1A2.B.5,JCP8066,Gardnerella piotii,5,0.04316666666666666,0.011590225767142475
JCP8066.1A1.A.5.5,JCP8066,Gardnerella piotii,5.5,0.0494,0.021683864969142385
JCP8066.1A1.B.5.5,JCP8066,Gardnerella piotii,5.5,0.06413333333333333,0.004652239604033017
JCP8066.1A2.A.5.5,JCP8066,Gardnerella piotii,5.5,0.1215,0.020663978319771816
JCP8066.1A2.B.5.5,JCP8066,Gardnerella piotii,5.5,0.11416666666666665,0.006658328118479399
JCP8066.1A1.A.6,JCP8066,Gardnerella piotii,6,0.11106666666666666,0.031610335862393694
JCP8066.1A1.B.6,JCP8066,Gardnerella piotii,6,0.21476666666666666,0.04885758214784408
JCP8066.1A2.A.6,JCP8066,Gardnerella piotii,6,0.253,0.04203569911396743
JCP8066.1A2.B.6,JCP8066,Gardnerella piotii,6,0.278,0.0040000000000000036
JCP8066.1A1.A.7,JCP8066,Gardnerella piotii,7,0.6170833333333333,0.05156087017626189
JCP8066.1A1.B.7,JCP8066,Gardnerella piotii,7,0.70095,0.0164048773235279
JCP8066.1A2.A.7,JCP8066,Gardnerella piotii,7,0.6491666666666667,0.0667108187128095
JCP8066.1A2.B.7,JCP8066,Gardnerella piotii,7,0.6795,0.016970562748477157
Gv5-1.1B1.A.3.5,Gv5-1,Gardnerella swidsinskii,3.5,0.014166666666666656,0.006658328118479391
Gv5-1.1B1.B.3.5,Gv5-1,Gardnerella swidsinskii,3.5,0.022833333333333327,0.0025166114784235852
Gv5-1.1B1.A.4,Gv5-1,Gardnerella swidsinskii,4,0.007000000000000006,0.012999999999999998
Gv5-1.1B1.B.4,Gv5-1,Gardnerella swidsinskii,4,0.016,0.0030000000000000027
Gv5-1.1B1.A.4.5,Gv5-1,Gardnerella swidsinskii,4.5,0.008666666666666675,0.01106044001535805
Gv5-1.1B1.B.4.5,Gv5-1,Gardnerella swidsinskii,4.5,0.027000000000000014,0.001999999999999988
Gv5-1.1B1.A.5,Gv5-1,Gardnerella swidsinskii,5,0.04550000000000001,0.010000000000000009
Gv5-1.1B1.B.5,Gv5-1,Gardnerella swidsinskii,5,0.05383333333333335,0.0011547005383792527
Gv5-1.1B1.A.5.5,Gv5-1,Gardnerella swidsinskii,5.5,0.08383333333333333,0.008504900548115377
Gv5-1.1B1.B.5.5,Gv5-1,Gardnerella swidsinskii,5.5,0.09716666666666667,5.773502691896263e-4
Gv5-1.1B1.A.6,Gv5-1,Gardnerella swidsinskii,6,0.1885,0.006557438524302007
Gv5-1.1B1.B.6,Gv5-1,Gardnerella swidsinskii,6,0.1738333333333333,0.007234178138070241
Gv5-1.1B1.A.7,Gv5-1,Gardnerella swidsinskii,7,0.3815,0.009000000000000008
Gv5-1.1B1.B.7,Gv5-1,Gardnerella swidsinskii,7,0.3655,0.01555634918610406
Gv101.1A1.B.3.5,Gv101,Gardnerella greenwoodii,3.5,0.008699999999999994,0.0010583005244258377
Gv101.1A2.A.3.5,Gv101,Gardnerella greenwoodii,3.5,0.01,0.008544003745317531
Gv101.1A2.B.3.5,Gv101,Gardnerella greenwoodii,3.5,0.01966666666666667,0.0011547005383792525
Gv101.1A1.B.4,Gv101,Gardnerella greenwoodii,4,0.013283333333333336,0.0045720163312627515
Gv101.1A2.A.4,Gv101,Gardnerella greenwoodii,4,-0.00833333333333334,0.010692676621563622
Gv101.1A2.B.4,Gv101,Gardnerella greenwoodii,4,0.002999999999999989,0.0020000000000000018
Gv101.1A1.B.4.5,Gv101,Gardnerella greenwoodii,4.5,0.033399999999999985,0.005325410782277737
Gv101.1A2.A.4.5,Gv101,Gardnerella greenwoodii,4.5,0.009166666666666656,0.014294521094927709
Gv101.1A2.B.4.5,Gv101,Gardnerella greenwoodii,4.5,0.010833333333333315,0.001527525231651948
Gv101.1A1.B.5,Gv101,Gardnerella greenwoodii,5,0.04571666666666667,0.008124858973135059
Gv101.1A2.A.5,Gv101,Gardnerella greenwoodii,5,0.06983333333333333,0.03121431295629191
Gv101.1A2.B.5,Gv101,Gardnerella greenwoodii,5,0.07083333333333332,0.009504384952922162
Gv101.1A1.B.5.5,Gv101,Gardnerella greenwoodii,5.5,0.09653333333333333,0.006851520512509123
Gv101.1A2.A.5.5,Gv101,Gardnerella greenwoodii,5.5,0.29283333333333333,0.028219378684395814
Gv101.1A2.B.5.5,Gv101,Gardnerella greenwoodii,5.5,0.30583333333333335,0.017387735140993316
Gv101.1A1.B.6,Gv101,Gardnerella greenwoodii,6,0.20483333333333334,0.011269575561365798
Gv101.1A2.A.6,Gv101,Gardnerella greenwoodii,6,0.2336666666666667,0.012583057392117928
Gv101.1A2.B.6,Gv101,Gardnerella greenwoodii,6,0.20666666666666667,0.008326663997864537
Gv101.1A1.B.7,Gv101,Gardnerella greenwoodii,7,0.6743,0.01421284630184961
Gv101.1A2.A.7,Gv101,Gardnerella greenwoodii,7,0.6971666666666667,0.021548395145192
Gv101.1A2.B.7,Gv101,Gardnerella greenwoodii,7,0.641,0.03606244584051388
Gv101.1B1.A.3.5,Gv101,Gardnerella greenwoodii,3.5,0.008666666666666675,5.773502691896262e-4
Gv101.1B1.B.3.5,Gv101,Gardnerella greenwoodii,3.5,-0.0016666666666666635,0.0011547005383792447
Gv101.1B1.A.4,Gv101,Gardnerella greenwoodii,4,0.011333333333333334,0.0030550504633038884
Gv101.1B1.B.4,Gv101,Gardnerella greenwoodii,4,-0.002666666666666669,0.0011547005383792527
Gv101.1B1.A.4.5,Gv101,Gardnerella greenwoodii,4.5,0.037333333333333336,0.005507570547286107
Gv101.1B1.B.4.5,Gv101,Gardnerella greenwoodii,4.5,-0.007000000000000006,0.0010000000000000009
Gv101.1B1.A.5,Gv101,Gardnerella greenwoodii,5,0.11666666666666668,0.009073771725877458
Gv101.1B1.B.5,Gv101,Gardnerella greenwoodii,5,-0.002999999999999989,0.0020000000000000018
Gv101.1B1.A.5.5,Gv101,Gardnerella greenwoodii,5.5,0.2345,0.015099668870541514
Gv101.1B1.B.5.5,Gv101,Gardnerella greenwoodii,5.5,0.0025000000000000022,0.0017320508075688787
Gv101.1B1.A.6,Gv101,Gardnerella greenwoodii,6,0.39116666666666666,0.019087517736293896
Gv101.1B1.B.6,Gv101,Gardnerella greenwoodii,6,0.004833333333333338,0.0032145502536643214
Gv101.1B1.A.7,Gv101,Gardnerella greenwoodii,7,0.5048333333333334,0.05879909296352565
Gv101.1B1.B.7,Gv101,Gardnerella greenwoodii,7,0.005500000000000005,NA
